Tweet Number,Tweet Username,Tweet Text,Tweet Date,Tweet Geo
0,RealMorgellons,It is #irresponsible to ignore #legitimate #science that demonstrates #chroniclymedisease to appease your #systemofbelief . https://www. ncbi.nlm.nih.gov/pmc/articles/P MC6023324/ …,2018-12-29 14:11:12+00:00,
1,RealMorgellons,"Then there is no reason to claim that #chroniclymedisease doesn't exist, or that the people who have been diagnosed with it are loons that wear tin foil hats. That's immature behavior unbefitting of a scientist.",2018-12-29 13:50:45+00:00,
2,_Butter_Cream,"Never said Lyme disease was fake, I'm saying anyone suggesting someone with ALS, MS, Lupus, etc. has "" #chroniclymedisease "" is dangerous. No one should be on antibiotics as long as these "" #Lymeliterate "" Drs. put people on. Besides many know what to look for with Lyme disease.",2018-12-29 07:08:35+00:00,
3,mags_steele,"Symptoms are given in lived experience pretty much by dfn, but you can't have lived experience THAT you have (say) #chroniclymedisease . My lived experience is not some kind of evidential trump card, and disagreeing with my interpretation is not 'denying my lived experience'. 3/4",2018-12-28 10:01:09+00:00,
4,ScienceMeLive,"@Rjjames0416 #ChronicLymeDisease Another one who lost his way... DATTWYLER, FAILURE OF TETRACYCLINE THERAPY IN EARLY LYME DISEASE https:// onlinelibrary.wiley.com/doi/abs/10.100 2/art.1780300414 …",2018-12-26 20:41:17+00:00,
5,ScienceMeLive,"@Rjjames0416 #ChronicLymeDisease Steere is not the only one with amnesia Wilske 1989 , Survival of Borrelia burgdorferi in Antibiotically Treated Patients with Lyme borreliosis https:// link.springer.com/article/10.100 7%2FBF01645543 …",2018-12-26 20:25:15+00:00,
6,ACT_Clinic_USA,"Is your body overreacting or underreacting to #Lymedisease , causing chronic pain and discomfort? There is a drug-free alternative method you can try. https:// bit.ly/2BcineM #lyme #chroniclymedisease #sick #tick pic.twitter.com/Jm9Et0JCUW",2018-12-26 16:55:04+00:00,
7,modreflexology,The symptoms of #ChronicLymeDisease can be controlled with #Reflexology . Here is how! #Reflexology #ModernReflexology https:// bit.ly/2yHPFkE,2018-12-26 12:30:12+00:00,
8,LymeTalkNow,This is one of the biggest struggles of Lyme. #lyme #lymedisease #lymenow #lymelife #chroniclyme #lymesucks #chroniclymedisease pic.twitter.com/DEUXodVDxc,2018-12-24 17:38:32+00:00,
9,hannopretorius,I support Al %!!! Shame on those trying to silence him and force him to retract his educated opinions. #evidencebasedmedicine #infectiousdiseases #chroniclymedisease #paediatrics #ScienceDaddy,2018-12-23 18:37:51+00:00,
10,hannopretorius,Shame on those who are trying to silence & discredit the opinions of @AlastairMcA30 regarding #ChronicLymeDisease .We live in a free world where robust scientific evidence & debate matters and should be allowed. #Twitter and #paediatrics and #infectiousdiseases need such voices,2018-12-23 09:50:43+00:00,
11,DCyberMonkey,"YES - because if the bacteria is there then it is not ALS, it is #ChronicLymeDisease",2018-12-21 11:40:15+00:00,
12,ACT_Clinic_USA,What kind of an impact does taking #antibiotics have on the body? Short-term? Long-term? Find out how we can help you using our drug-free ACT approach. https:// bit.ly/2BjLgWH #chroniclymedisease #lyme #health #spoonie pic.twitter.com/x4A9dTQVI2,2018-12-20 01:25:03+00:00,
13,moonmoonmother,"But in all seriousness, I'm trying to heal from #ChronicLymeDisease & PA weather isn't the best for my healing nor for remission nor for preventative measures as much as I'd like to think I would be able to achieve full remission forever here, considering the possibility that",2018-12-19 16:11:34+00:00,
14,ACT_Clinic_USA,There are two reasons why antibiotics will not get rid of #Lyme disease in your body. What are they? https:// bit.ly/2BcineM #chroniclymedisease #TickBorneDiseases #LymeDisease,2018-12-17 18:43:00+00:00,
15,aGirlWithLyme,It’s so hard to explain how amazing it feels to have a doctor believe that you have #ChronicLymeDisease when it’s such a controversial diagnosis. He is also the first doctor to say out loud that I’m permanently disabled. I just feel like this is such a huge step!,2018-12-15 07:07:34+00:00,
16,aGirlWithLyme,So on Tuesday I told my AMAZING #ChronicPain doctor all about this and he was shocked! He then filled out the paperwork for me and on it he put that #ChronicLymeDisease & #Fibromyalgia were the cause. He also put that I am PERMANENTLY #DISABLED !,2018-12-15 07:03:54+00:00,
17,aGirlWithLyme,Back story: I’ve been sick and disabled for 10 years by #ChronicLymeDisease and in those 10 years I have not had the ability to go to school or work. It’s also very likely I will be like this for the rest of my life.,2018-12-15 06:51:09+00:00,
18,M_Mantha,Fabulous article @Izzy74 on #ChronicLymeDisease and the battles of the many many #LymeWarriors across this country ... ThankYou https:// twitter.com/TorontoStar/st atus/1073594727650480129 …,2018-12-14 21:34:11+00:00,
19,Pieuvrargentee,#Lyme #ChronicLymedisease https:// twitter.com/Pieuvrargentee /status/1068586740930281478 …,2018-12-13 22:46:01+00:00,
20,ACT_Clinic_USA,There are two reasons why antibiotics will not get rid of #Lyme disease in your body. What are they? https:// bit.ly/2BcineM #chroniclymedisease #TickBorneDiseases #LymeDisease,2018-12-13 20:05:06+00:00,
21,ChristieMLeto,"Exactly, it should be called what it is #ChronicLymeDisease #ChronicTickBorneInfections #SickAndTiredOfBeingSickAndTired",2018-12-13 00:35:07+00:00,
22,winexwednesday,"Soooo i have started on my book about #ChronicLymeDisease and #ChronicPain , it may take years for me to finish it and it will be in Dutch, but I am SO excited to do this!!",2018-12-12 12:41:38+00:00,
23,ChristieMLeto,"Noise Hurts, I have a terrible sensitivity to prolonged exposure loud music, too many ppl talking over it, hard this holiday time & don’t get me started on smells! Candles, plug ins, perfumes, oh my! #ChronicLymeDisease #Migraines #Vertigo #Nausea Hard to be merry & bright https:// twitter.com/DrDanielCamero n/status/1072649121130037248 …",2018-12-12 11:45:55+00:00,
24,ChristieMLeto,"@LymeAlliance My life, our lives, all those who are fighting this battle everyday & still after many years are trying to make others understand! #ChronicLymeDisease #IDontAlwaysLookSick #LymeIsReal",2018-12-11 03:34:40+00:00,
25,LymeTalkNow,This is one of the biggest struggles of Lyme. #lyme #lymedisease #lymenow #lymelife #chroniclyme #lymesucks #chroniclymedisease pic.twitter.com/nmCSiELtSR,2018-12-10 16:33:39+00:00,
26,moonmoonmother,"I'll be around but also not. #ChronicLymeDisease is taking a toll on me & my body & mental state need some rest especially with my ongoing treatment. I'll do my best to catch up with my messages ASAP, but it may be a while. You're all in my thoughts & I love you all. Take care. https:// twitter.com/moonchildmag/s tatus/1071254997252349952 …",2018-12-08 04:12:31+00:00,
27,Stef12878,Top - sept 16 bottom Dec 8 . #progress #chroniclymedisease #lymedisease #thisisyourbrainonlyme pic.twitter.com/lJAhmakVC9,2018-12-04 20:54:12+00:00,
28,LymeWarriorUS,#lymewarrior #lymedisease #lymelife #tickbornillness #chroniclymedisease #motivation #spoonie #chronicillness pic.twitter.com/I85gDlLOcW,2018-11-30 00:53:01+00:00,
29,LadyCleodora,#Lyme #lymedisease #chroniclyme #chroniclymedisease #chronicillness #chronicfatiguesyndrome #fibromialgia,2018-11-28 17:22:12+00:00,
30,LymeWarriorUS,Don't forget to pick up a Paws for lyme calendar for 2019 to support treatment for dogs with lyme at Illinois birddog rescue and lyme research! http:// buff.ly/2JjP9g6 #pawsforlyme #lymewarrior #lymedisease #lymelife #tickbornillness #chroniclymedisease #dogsofinstagram pic.twitter.com/mLJjQc9hAm,2018-11-23 22:30:05+00:00,
31,ACT_Clinic_USA,What kind of an impact does taking #antibiotics have on the body? Short-term? Long-term? Find out how we can help you using our drug-free ACT approach. https:// bit.ly/2BjLgWH #chroniclymedisease #lyme #health #spoonie pic.twitter.com/aSxCh9lETY,2018-11-23 18:54:02+00:00,
32,Lymekhaleesi,"These pleas into the night... these tears... this pain... this torture. THIS is what #chroniclymedisease looks like my dear friends. It’s terrifying, confusing, depersonalizing, and… https://www. instagram.com/p/Bqh4_g4nQ2V/ ?utm_source=ig_twitter_share&igshid=1sa6io25972ls …",2018-11-23 16:35:44+00:00,
33,ACT_Clinic_USA,"Is your body overreacting or underreacting to #Lymedisease , causing chronic pain and discomfort? There is a drug-free alternative method you can try. https:// bit.ly/2BcineM #lyme #chroniclymedisease #sick #tick pic.twitter.com/wuTOpYIO45",2018-11-22 21:45:03+00:00,
34,ChronicalyCarly,My main diagnosis is SICK AF FOR A LOT OF REASONS SOME UNKNOWN. I don't know how to fight that... I don't know how to live with that. #chronicillness #ChronicFatigueSyndrome #ChronicPain #ChronicLymeDisease #LymeDisease #EDS #MECFS #anxietyproblems #mentalillness #POTS #EBV pic.twitter.com/fOjxEd4cyL,2018-11-21 21:48:05+00:00,
35,ACT_Clinic_USA,There are two reasons why antibiotics will not get rid of #Lyme disease in your body. What are they? https:// bit.ly/2BcineM #chroniclymedisease #TickBorneDiseases #LymeDisease,2018-11-19 17:08:03+00:00,
36,Lpowell588Lady,New Government Report Calls for Better #Treatment of Chronic #Lyme Disease #ChronicLymeDisease https:// themighty.com/2018/11/tick-b orne-disease-working-group-report-chronic-lyme-disease/?utm_source=engagement_bar&utm_medium=twitter&utm_campaign=twitter_share …,2018-11-19 15:44:42+00:00,
37,ChristieMLeto,I knew many yrs before even diagnosed I shouldn’t give blood. I never did. Never wanted anyone to wake up & feel like I do everyday! #ChronicLymeDisease #Babesia #Bartonella #Ehrlichia I think it’s common sense really?! Don’t give blood if you’re sickly!,2018-11-19 14:43:36+00:00,
38,lyme_protest,"Come on @MattHancock , let's have an answer or are you to spineless to even answer? #LymeDisease #Lyme #ChronicPain #chronicillness #chroniclymedisease",2018-11-17 21:45:53+00:00,
39,MadamMortician,"Tonight starts the battle!! We are fighting the fight against Chronic Lyme Disease!! Head on over, hang out, spread the love and let's BEAT this debilitating disease!!! http:// Madammortician.com #ChronicLymeDisease #CureLymeDisease #LymeDisease",2018-11-17 04:19:20+00:00,
40,EndLymeStigma,"A courageous woman shares her story of how the stigma of ""Lyme"" affected her. Life ""Sucked Away From Me"" https://www. endlymestigma.com/single-post/20 18/07/13/Life-Sucked-Away-From-Me … #Lyme #chroniclymedisease #endlymestigma #TickBorneDisease #Ticks #patientstories #borreliosis #Bartonella #ChronicIllness",2018-11-16 22:18:27+00:00,
41,KimberlyPinker,( #MedicalMedium & #LowHistamine Protocol for #Lyme ) - - #CeleryJuice #ChronicLymeDisease #Health #Lifestyle #LymeDisease #LymeDontKillMyVibe #MedicalMediumProtocol #Recipes #ThinkingOutLoud #Wellness #WellnessTour - http:// fashionhealth.ga/medical-medium -low-histamine-protocol-for-lyme/ … pic.twitter.com/OyeFDAKhiJ,2018-11-14 15:50:46+00:00,
42,KimberlyPinker,( #MedicalMedium & #LowHistamine Protocol for #Lyme ) - - #CeleryJuice #ChronicLymeDisease #Health #Lifestyle #LymeDisease #LymeDontKillMyVibe #MedicalMediumProtocol #Recipes #ThinkingOutLoud #Wellness #WellnessTour - http:// instapin.ml/medical-medium -low-histamine-protocol-for-lyme/ … pic.twitter.com/N8TzhKFoHV,2018-11-14 01:50:54+00:00,
43,moonmoonmother,Much gratitude @TheMightySite for highlighting my #LymeDisease story on FB again. Some people still think & assert that #ChronicLymeDisease doesn't exist & that it's not that bad. It is such a misguided thinking & doesn't help anyone in the conversation. https:// themighty.com/2017/02/when-y ou-look-well-but-have-lyme-disease/ …,2018-11-13 17:38:09+00:00,
44,mansaqu,神戸大学医学部附属病院感染症内科 岩田健太郎先生 国立感染症研究所 島田 智恵先生 川端 寛樹先生 #ライム病 発症 6 カ月を越えるとときに #慢性ライム病 ( #chronicLymedisease ) #ライム後症候群 ( #postLymesyndrome )と称されることもある ⇨続く 引用元 https://www. jstage.jst.go.jp/article/kansen shogakuzasshi/87/1/87_44/_pdf … #CFS #FM,2018-11-09 17:16:39+00:00,
45,AdviseLyme,"Today, millions of people world-over are suffering with chronic Lyme disease. Or some yet-undiagnosed mystery illness. https:// buff.ly/2SoHqSz #lyme #lymedisease #chroniclymedisease #sick #invisibleillness pic.twitter.com/8Rg0NahdjV",2018-11-08 19:24:01+00:00,
46,with_love_robin,#LymeDisease #health #lymediseaseawareness #ChronicPain #chronicillness #chroniclymedisease https:// twitter.com/EmilyRyanWrite r/status/1057633774316355585 …,2018-10-31 19:04:01+00:00,
47,bekindforlyme,Right! Have a safe and relaxing Halloween #lymedisease #lymediseaseawareness #lymiesbelike #chronicdisease #chroniclymedisease #chroniclyme #lifeofalymie #bekind #bekindforlyme #health … https://www. instagram.com/p/BpmuyDQHFYK/ ?utm_source=ig_twitter_share&igshid=15iagzagk0tj6 …,2018-10-31 18:48:11+00:00,
48,tarafsz12,"Bugün, milyonlarca insan dünya çapında kronik Lyme hastalığı ile acı vardır. Ya da henüz teşhis edilmemiş gizemli bir hastalık. https:// buff.ly/2SoHqSz #lyme #lymedisease #chroniclymedisease #sick #invisibleillness",2018-10-28 12:44:26+00:00,
49,AdviseLyme,"Today, millions of people world-over are suffering with chronic Lyme disease. Or some yet-undiagnosed mystery illness. https:// buff.ly/2SoHqSz #lyme #lymedisease #chroniclymedisease #sick #invisibleillness pic.twitter.com/gODGjLdJsp",2018-10-28 01:32:01+00:00,
50,CassidyMaree30,"Wow #GreysAnatomy15 hitting on the crappy diagnosing system and how doctors are quick to say “it’s all in your head” sadly, we’ve all been there #chroniclymedisease #invisibleillness #awareness",2018-10-26 01:45:26+00:00,
51,TheDiligentLife,There is a great series going on about how to strengthen your walk with God. TIffany Montgomery at Hopejoyinchrist is talking about staying strong while living with chronic illness. #Godstrong #ChronicLymeDisease https:// kellyrbaker.com/walking-with-g od-chronic-illness/?fbclid=IwAR0Q_pAoxIxN9w9kejPDpWyOGDVVx9zzma35_A2o3dQKMULWObpmKYL-YbQ …,2018-10-23 20:54:45+00:00,
52,ChristieMLeto,"Is it day, night, what day? All my questions when waking up from my afternoon nap. #ChronicLymeDisease #Exhaustion seriously though we need as much laughter as we can get! Love this post.",2018-10-22 18:23:49+00:00,
53,baskett_case,What of us that never got our antibiotics when we should have a clear EM rash on me in 2009 after I used a tick removal tool to get tick off went to GP of 11yrs who insisted Ringworm and gave antifungals!!! I’m now deathly sick with #ChronicLymeDisease the #NHS #PHE & #NICE deny! pic.twitter.com/TEzFcXR5Bo,2018-10-22 17:03:59+00:00,
54,May12org,#PwME #MyalgicE #Lyme #ChronicLymeDisease #ImmuneDeficiency #ReactivatedViruses #OpportunisticInfections #OspA #EBV #more https:// twitter.com/May12org/statu s/1009960180631724038 …,2018-10-18 05:43:14+00:00,
55,KimberlyPinker,(10 Things You May Not Know About #LymeDisease & a #GLAGala Recap) - #ChronicIllness - #ChronicIllnessWarrior #ChronicLymeDisease #GlobalLymeAlliance #Lifestyle #LymeMisconceptions #Nyc #RHONY #TheBalancedBlonde #ThinkingOutLoud #Wellness #YolandaHadid - http:// fashionhealth.ga/10-things-you- may-not-know-about-lyme-disease-a-gla-gala-recap/ … pic.twitter.com/5D7wcGVWM9,2018-10-17 04:20:40+00:00,
56,aTickingTimebom,#takeabiteoutoflyme #chroniclyme #lymewarrior #oldlyme #lymedontkillmyvibe #lymetreatment #lymeawareness #lymedisease #chroniclymedisease #lymediseasechallenge #lymesdisease #lymediseaseawareness #lymediseaseawarenessmonth #lymepark #heavilymeditated #atickingtimebomb https:// twitter.com/aTickingTimebo m/status/1051677602262396929 …,2018-10-15 03:35:08+00:00,
57,LymeWarriorUS,"Our resource cards have expanded! By request, we have made a second type of card about Chronic Lyme. Now you have easy resources if you want to teach about Lyme or prevention. http:// lymewarrior.us/shop/lyme-prev ention-cards … #chroniclyme #chroniclymedisease #tickborneillness #lymedisease #lymewarrior pic.twitter.com/pR4IyFSBAj",2018-10-13 23:53:02+00:00,
58,AisweetDisney,治療後ライム病症候群はペインクリニックと精神科でどうぞ| https:// ameblo.jp/midorihamu/ent ry-12411506946.html … 何故他の感染症の検査を拒否するんだろう…？アメリカのような検査を何故してくれないのだろう…？ #ライム病 #ChronicLymeDisease #Lymedisease 慢性ライム病にならないか不安。,2018-10-12 16:35:36+00:00,
59,i_luv_ewe,"Trying to find flexible part time work while being treated for #ChronicLymeDisease is...challenging. I know y'all hear me. Hugs, #FellowWarriors . #ChronicDisease #ChronicIllness pic.twitter.com/FkvhKKruMc",2018-10-12 04:21:18+00:00,
60,RealiTeaRead,"Lookin hawt at the Global #Lyme Alliance Gala, @CountessLuann ! #lymeawareness #chroniclymedisease #rhonyc #rhony pic.twitter.com/AurdI0T3Xt",2018-10-12 03:43:23+00:00,
61,journeywithdana,@GeneralHospital FYI #chroniclymedisease may be coming more common but NOT every doctor can or will treat! 22 yrs and still not found an #LLMD one where I live. #LymeWarrior #LymeSucks . Haven't watched in years this is the first thing I see. @LymeWarriorUS @LymeDiseaseLDA,2018-10-10 18:13:46+00:00,
62,AisweetDisney,最後の砦。 #ライム病 #慢性ライム病 #治療後ライム病症候群 #LymeDisease #ChronicLymeDisease #Lymesyndrome #Lymediseasesyndromeaftertreatment ここまで来ても、最後はペインクリニックに行って下さいって… アメリカのような専門的な医療が受けたかった。 pic.twitter.com/LhJrJozrMJ,2018-10-10 04:23:04+00:00,
63,LesliePease1,"She has since switched specialties & I have a neurologist who doesn’t believe in pain relief, #ChronicLymeDisease or asking questions & is so condescending I am leaving her. I found a new neurologist. Now they’ll accuse me of doctor shopping & my “risk score” will go up. #Spoonie",2018-10-08 20:41:48+00:00,
64,LymeTalkNow,This is one of the biggest struggles of Lyme. #lyme #lymedisease #lymenow #lymelife #chroniclyme #lymesucks #chroniclymedisease pic.twitter.com/s6guN3DNVB,2018-10-08 15:45:13+00:00,
65,AisweetDisney,https:// ameblo.jp/midorihamu/ ブログ更新しました。 #ライム病 #LymeDisease #ChronicLymeDisease #アヴリルラヴィーン #カナダ #母子感染 #輸血 #拡散希望お願いします,2018-10-07 09:58:11+00:00,
66,aTickingTimebom,Lyme is life changing. (Kindly visit https://www. amazon.com/Ticking-Time-B omb-Tamara-Balsamides/dp/B06XKGB5LS/ref=cm_cr_arp_d_product_top?ie=UTF8 … ) 15+ years being misdiagnosed is a devastation...let's help others who never know this disease. Kindly repost. . #chroniclymedisease #lymewarrior #takeabiteoutoflyme #lymetreatment #kinkycurlycoilyme #LymeHope pic.twitter.com/J23I0d4arq,2018-10-06 17:11:15+00:00,
67,i_luv_ewe,"Good one day, exhausted the next. Not a bad life. Just a challenging day. And that's just how it is when fighting in the #LymeWar . #ChronicLymeDisease Current mood: pic.twitter.com/jRZYsHBq6n",2018-10-05 16:10:21+00:00,
68,i_luv_ewe,Being tired and being lazy are two very different things. Do you understand the difference? #ChronicLymeDisease #ChronicFatigue #TrueEmpathy,2018-10-05 15:48:17+00:00,
69,ChristieMLeto,@Fox5Teresa @LymeAlliance @rosannascotto @LewsView Thank you for keeping the #ChronicLymeDisease conversation going! XO pic.twitter.com/Gb4WFUvKvJ,2018-10-05 04:30:42+00:00,
70,DCyberMonkey,New #MorgellonsScience https://www. morgellonssurvey.org/why-is-lyme-mo rgellons-science-ignored/ … #Morgellons #ChronicLymeDisease #Vaccines #Lyme #LymeDisease #OpenAccess #Science #Antibodies,2018-10-03 15:19:05+00:00,
71,CassidyMaree30,Would love to see one of the many medical shows do a story on #ChronicLymeDisease @GreysABC @ResidentFOX @NBCNewAmsterdam @NBCChicagoMed,2018-10-01 18:15:30+00:00,
72,TheSinthesis,"If you only had 12 spoons a day, how would you use them? • • • • • The Spoon Theory has helped me so much explaining my lack of energy to friends & family • #thespoontheory #lymedisease #chronicillness #spoonie #chronicfatigue #chroniclymedisease pic.twitter.com/sLGFUR3xQY",2018-10-01 01:54:08+00:00,
73,baskett_case,NEED STEM CELLS! Much rather have my #cancerous condition to deal than awful symptoms of #untreated #ChronicLymeDisease #NeurologicalLyme how twisted is that! Untreated #Neuropathy makes me want to use and axe to chop off my legs! pic.twitter.com/mryVpkMuRu,2018-09-28 11:29:41+00:00,
74,baskett_case,NEED STEM CELLS! Much rather have my #cancerous condition multiple surgeries #34 to deal than awful symptoms of #untreated #ChronicLymeDisease #NeurologicalLyme how twisted is that! Untreated #Neuropathy makes me want to use and axe to chop off my legs! https://www. swindonadvertiser.co.uk/news/16610507. swindon-mum-needs-life-saving-treatment-for-lyme-disease/ …,2018-09-28 11:08:08+00:00,
75,baskett_case,NEED STEM CELLS! Much rather have my #cancerous condition to deal than awful symptoms of #untreated #ChronicLymeDisease #NeurologicalLyme how twisted is that! Untreated #Neuropathy makes me want to use and axe to chop off my legs! https://www. swindonadvertiser.co.uk/news/16610507. swindon-mum-needs-life-saving-treatment-for-lyme-disease/ …,2018-09-28 10:58:39+00:00,
76,aTickingTimebom,Ever have someone who told you this? Care to mention their names...just a gesture of appreciation. @aTickingTimebom #ripslyme #chroniclyme #lymetreatment #lymeawareness #lymediseasechallenge #chroniclymedisease #lymediseasesucks #morethanlyme #kinkycurlycoilyme pic.twitter.com/K3m6IrB18r,2018-09-28 08:36:37+00:00,
77,ChristieMLeto,Hopefully you heal quickly my friend! #LymeDentalPatients #ChronicLymeDisease #MoreComplicationsThanMostDrsUndrrstand @AmericanDental Do a survey! #Dentists need to be #EducatedOnLymeDisease #Awareness,2018-09-27 15:00:50+00:00,
78,aTickingTimebom,Getting up after #painsomnia with a VERY sore body. That's everyday. @aTickingTimebom Kindly Watch https://www. amazon.com/Ticking-Time-B omb-Tamara-Balsamides/dp/B06XKGB5LS/ref=cm_cr_arp_d_product_top?ie=UTF8 … #ripslyme #chroniclyme #lymetreatment #lymeawareness #lymediseasechallenge #chroniclymedisease #lymediseasesucks #morethanlyme #kinkycurlycoilyme pic.twitter.com/dmODlv4m0A,2018-09-26 08:19:27+00:00,
79,DirtDames,She's ALMOST done. Then I can start my next one!! She's AMAZING. #DirtDames #PathToRemission #WhatsYourStory #Tattooed #TattooEmbroidery #TheCoolKidsDoIt #WhatsNext #ChronicLymeDisease … https://www. instagram.com/p/BoJ0BuLlpdE/ ?utm_source=ig_twitter_share&igshid=14a1sw3w5p9c …,2018-09-25 14:59:54+00:00,
80,LesliePease1,"1)Exactly! I have #MS , #ChronicLymeDisease a #Meningioma brain tumor causing #ChronicMigraine . I am slowly weaning #buprenorphine which I was given for pain,not OUD. It never helped pain. Day 5 of 2nd week on lower dose,woke to seizures,fell repeatedly, twitching & pain all day",2018-09-22 19:36:36+00:00,
81,Lauraignez,"Do you think you might have Lyme disease, but aren't exactly sure? Have you been misdiagnosed with something, but it's really Lyme disease? #Lymediseasesymptoms | #lymediseasetreatment | #deertick | #chroniclymedisease https:// pin.it/mvhmtanhgafbn6 via @pinterest",2018-09-22 00:27:45+00:00,
82,DCyberMonkey,#ChronicLymeDisease https://www. prohealth.com/library/chroni c-lyme-disease-not-post-treatment-lyme-disease-syndrome-85773 …,2018-09-21 11:14:03+00:00,
83,DCyberMonkey,Trying to figure out how the IDC in London suddenly feel justified diagnosing patients with #ChronicLymeDisease https://www. thelondoneconomic.com/must-reads/wom an-who-wanted-to-chop-her-leg-off-finally-diagnosed-with-lyme-disease-after-paintball-game/16/09/ …,2018-09-21 11:10:20+00:00,
84,ChristieMLeto,⁦ @AvrilLavigne ⁩ Thank you for using your incredible talent & beautiful voice to describe our battle w #ChronicLymeDisease we’re all in this together! https://www. rollingstone.com/music/music-ne ws/avril-lavigne-lyme-disease-new-song-head-above-water-726105/ …,2018-09-20 13:05:41+00:00,
85,VenselEvangelia,I don’t agree with everything. I have #chroniclymedisease and I had to jump the border to get a cure because our health system is so fucked and ignorant. #bigpharma is the cartel and the #FDA and #CDC are our countries mafia. I’m not blind.,2018-09-20 04:54:16+00:00,
86,CassidyMaree30,Sobbing listening to #HeadAboveWater by @AvrilLavigne its like I’m being seen for the first time in 6 years since getting diagnosed with #ChronicLymeDisease https:// youtu.be/v686vG5PSac,2018-09-20 02:19:59+00:00,
87,LymeWarriorUS,#lymedisease #chroniclymedisease pic.twitter.com/1k8luauTGH,2018-09-16 23:53:03+00:00,
88,DCyberMonkey,"Ironically that's the same thing people do when we present peer reviewed evidence of #chroniclymedisease . What's laughable is how vehemently vaccines are defended, when there hasn't been a single safety report filed on them in 32 years.",2018-09-15 20:33:35+00:00,
89,DCyberMonkey,Actually I did discredit his opinion that chronic Lyme doesn't exist and people have been acknowledging its credibility. I produced a study that demonstrates 12 patients with #chroniclymedisease .,2018-09-15 12:00:17+00:00,
90,CassidyMaree30,You don’t know true annoyance until you have to wait over a Half-hour for a doctor that you pay $300 for an hour visit #chroniclymedisease #WeMustFindACure,2018-09-14 15:58:08+00:00,
91,DCyberMonkey,What is a signifigant p value going to do for these 12 #chroniclymedisease patients?,2018-09-13 18:02:06+00:00,
92,DCyberMonkey,"I get it - there are sick people on the internet, my concern is his dismissal and mischaracterization of many efforts. There is credible science which makes a valid argument for the existence of #chroniclymedisease which he is conveniently ignoring to sensationalize his view.",2018-09-12 13:39:28+00:00,
93,CarneroUnivers,@ChroniLyme #Lyme #lymedisease #chroniclyme #chroniclymedisease #latestagelyme #lymewarrior,2018-09-12 12:33:51+00:00,
94,ChristieMLeto,"@KatherineEdgell You denied my disability case almost a year ago. I’m still waiting on my appeal. It makes me sick to my stomach what was writtten & signed by you! I suffer from #ChronicLymeDisease 4 CoInfections, CFS, & need several orthopedic surgeries??! #NYSDisability",2018-09-11 20:51:33+00:00,
95,bekindforlyme,"Repost from whats_the_fix - How should #healthcare be? Affordable, accessible, & human! #WTFix #WhatTheHealthCare . . . #health #doctors #BeKindForLyme #LymeDisease #chroniclymedisease … https://www. instagram.com/p/BnkRtWGgUf7/ ?utm_source=ig_twitter_share&igshid=17syiall742tw …",2018-09-11 20:22:11+00:00,
96,aTickingTimebom,"Then how do you explain of those people who died suffering from such #chronic state? Or do you mean #lymedisease has always been a #chronicillness . You should know that every pain has its chronic state, #chroniclymedisease exist.",2018-09-10 16:40:16+00:00,
97,ChristieMLeto,Rainy Days & Monday’s make me so happy! No guilt for my #LymeFlareUp not today anyway! #ChronicLymeDisease #SelfCare #Awareness #NoCure #RemissionDoesntLastForever,2018-09-10 13:23:54+00:00,
98,ChristieMLeto,I tweet the @CDC constantly. They don’t give a shit about any of us suffering with #ChronicLymeDisease they’re petrified the public will learn they’re cold blooded killers! We just lost another one of our warriors! What will it take? Thank You Kandace for bringing #Awareness,2018-09-10 01:46:47+00:00,
99,CliffBischof,bring #awareness to the past current & future treatments of HIV AIDS & the nightmares associated with other health issues like #Chroniclymedisease #MorgellonsSyndrome #morgellons #morgellonsdisease & Physical mental psychological associations with induced traumatic brainwashing,2018-09-08 10:16:56+00:00,
100,moonmoonmother,"I always respected & loved @AvrilLavigne 's work. I never thought we'd both be going through the same trials that #ChronicLymeDisease inflicts when people go undiagnosed for so long, when people don't have access to treatment. I wish her well & I'm excited about the new album! https:// twitter.com/AvrilLavigne/s tatus/1037732899091443712 …",2018-09-08 05:56:08+00:00,
101,IMofNV,Get here the details about #ChronicLymeDisease & its symptoms. To get more information about what are the preventative majors & how to treat #ChronicLyme disease visit https:// buff.ly/2L32dq8 Follow us: @IMofNV #lymedisease pic.twitter.com/Cos9RFN3o4,2018-09-08 03:00:17+00:00,
102,LadyCleodora,#Lyme #lymedisease #chroniclyme #chroniclymedisease #latestagelyme #lymewarrior,2018-09-07 23:45:25+00:00,
103,LadyCleodora,#Lyme #lymedisease #chroniclyme #chroniclymedisease #latestagelyme #lymewarrior pic.twitter.com/FllwVQx85B,2018-09-07 23:45:15+00:00,
104,ChristieMLeto,"#ChronicLymeDisease #Babesia #Bartonella #Ehrlichia #EBV #CMV #RelapsingFever Theres no cure so here i lay getting pissed that my remission lasted only a few months! I’m grateful for that time but 101 temp for 2 days & in bed 4, the fear is extreme! Will it be wks,mos? @CDCgov",2018-09-07 23:24:42+00:00,
105,ChristieMLeto,Made our 2nd batch of sauce Monday in the heat. Had to be 120* in the shade on my patio. I’ve been in bed ever since. #ChronicLymeDisease Nothing seems worth feeling like this anymore! Not even fresh sauce all year 3 days of hell! #FindACure #HeatIntollerance #FedUp pic.twitter.com/4AVNF2zLIE,2018-09-06 21:32:23+00:00,
106,LesliePease1,"Am having a rough day. My left side is failing. I’m going to have to suck it up & buy a cane. I don’t want a boring cane. Lol! Does anyone know where to get a fashionable, chic cane? #MS #MultipleSclerosis #ChronicLymeDisease #Meningioma #Mobility #MobilityAids #Spoonie",2018-09-06 01:38:39+00:00,
107,moonmoonmother,I think I'm hallucinating paint smell now (either that or I smell it from miles away). Life never gets boring with #Bartonella . #ChronicLymeDisease #Lymies #Spoonies #Hyperosmia,2018-09-05 17:04:09+00:00,
108,moonmoonmother,"I went to my best friend's party yesterday (it was an important gathering!!!) & while it was fun, today I feel physically & mentally obliterated. I also feel so depressed. #chroniclymedisease #lymies #spoonies #introverts",2018-09-02 22:53:03+00:00,
109,LadyCleodora,Yesterday I did a molecular hydrogen therapy & ozone therapy at the clinic. I hope they help! The hydrogen therapy helps with neurological & that kills me so I’m longing for results. I’ve been sick for so long. #lyme #lymedisease #chroniclyme #chroniclymedisease #chronicillness pic.twitter.com/RL8lV5ISgc,2018-08-31 15:40:23+00:00,
110,ReenyNY,"Cutting edge "" #medical "" CRAPOLA #TheDoctors #Doctors -- Meanwhile, nothing about #AutoimmuneEncephalitis conditions stealing childhoods and adult lives like #PANS #PANDAS #PostInfectiousAutoimmuneEncephalitis #AntiNMDA #ChronicLymeDisease etc. See e.g. http:// MyKidIsNotCrazy.com https:// twitter.com/TheDoctors/sta tus/1035497349450280960 …",2018-08-31 12:04:04+00:00,
111,LoriGeurin,What You Need To Know About Lyme Disease #Lyme #Lymedisease #chroniclymedisease http:// ow.ly/U4f230lqkMF,2018-08-30 20:01:27+00:00,
112,LoriGeurin,What You Need To Know About Lyme Disease #Lyme #Lymedisease #chroniclymedisease http:// ow.ly/U4f230lqkMF http:// ow.ly/U4f230lqkMF,2018-08-30 19:50:35+00:00,
113,moonmoonmother,"The textbooks in the medical field are so outdated & they never teach you how to deal with complex cases & outliers, like you said. They still deny #ChronicLymeDisease even when there's plenty evidence it exists. Obviously it's not profitable to actually heal people.",2018-08-29 06:40:12+00:00,
114,moonmoonmother,This for me has been a very good resource of invaluable information on #ChronicLymeDisease including ILADS. It's very sad when I'm an example of Chronic Lyme showing active borrelia still & getting insulted here instead of being listened to & acknowledged. https://www. amazon.com/Better-Solving -Mystery-Chronic-Disease/dp/1250019400/ …,2018-08-28 21:48:26+00:00,
115,Pieuvrargentee,"#chroniclymedisease Des pages comme celles ci-dessous, dans des thèses scientifiques sur #Lyme , vous en trouverez des dizaines. Tout comme des études sc prouvant la persistance des Borrelia ET des symptômes après traitement, et la présence de co-infections. Renseignez-vous. pic.twitter.com/JOPQKs8Z9c",2018-08-27 14:28:00+00:00,
116,LoriGeurin,What are the best foods to eat when you have a chronic illness? #realfoodheals #chroniclymedisease https://www. lorigeurin.com/best-superfood s-for-chronic-illness/ …,2018-08-27 00:31:52+00:00,
117,JWilliamWrin,A pleasure to see someone calling out this ridiculous notion #ChronicLymeDisease https:// twitter.com/skepticalrapto r/status/1033836583747760128 …,2018-08-26 23:51:39+00:00,
118,skepticalraptor,"#ChronicLymeDisease – is there any scientific evidence supporting it? - No, there is no chronic and untreatable Lyme disease infection. http:// tinyurl.com/yadxo68m #LymeDisease pic.twitter.com/gvB8fxvYaV",2018-08-26 22:00:23+00:00,
119,skepticalraptor,"#ChronicLymeDisease – is there any scientific evidence supporting it? - Not really, it appears to be pseudoscience being pushed by scammers. http:// tinyurl.com/yadxo68m #LymeDisease pic.twitter.com/zZswiXEd23",2018-08-26 21:00:10+00:00,
120,skepticalraptor,"#ChronicLymeDisease – is there any scientific evidence supporting it? - No, there is no chronic and untreatable Lyme disease infection. http:// tinyurl.com/yadxo68m #LymeDisease",2018-08-26 19:58:12+00:00,
121,moonmoonmother,Y'all know where I could get a high quality gas mask because the world is making me sick me at the moment? I'd also like it to be somewhat cute so on Halloween I can proudly walk as The MCS Girl! #MCS #multiplechemicalsensitivity #LymeDisease #ChronicLymeDisease,2018-08-26 19:47:22+00:00,
122,LoriGeurin,"Lyme Disease: The Signs, Symptoms, And Stages #lymedisease #chroniclymedisease #tickborne http:// ow.ly/nt3q30lqkxW",2018-08-24 20:01:32+00:00,
123,LoriGeurin,"Lyme Disease: The Signs, Symptoms, And Stages #lymedisease #chroniclymedisease #tickborne http:// ow.ly/nt3q30lqkxW http:// ow.ly/nt3q30lqkxW",2018-08-24 19:45:23+00:00,
124,LymeTalkNow,#lymewarrior #lymefighter #wisdomwednesday #lyme #lymedisease #lymenow #lymejourney #chroniclyme #chroniclymedisease #lymies #spoonie pic.twitter.com/JOtLb6U13h,2018-08-22 15:10:13+00:00,
125,ChronicallyTS,These ups and downs are really getting to me. It's like lately it's been every other day is a bad one. Blah. Why can't I just be better already?! #chroniclymedisease #chroniclyme #babesia … https://www. instagram.com/p/Bmwgh3EAHzF/ ?utm_source=ig_twitter_share&igshid=1udbiz7vcn7zt …,2018-08-21 22:38:49+00:00,
126,aTickingTimebom,"""This is such a powerful photo...what the chronically ill has to endure.... You truly don't get it until you get it."" - @dsturbed @a_tickingtimebomb Thank you @linnealifeandlyme for being so brave! #lymediseaseawareness #chroniclymedisease #lymewarrior #lymedontkillmyvibe pic.twitter.com/LNwdgdrGSv",2018-08-21 09:03:14+00:00,
127,TotalFuckGay,Pretty good article. Let me improve it-there's no such thing as PTLDS. There is something called #ChronicLymeDisease . You still have the infection(s) if u still have symptoms. Antibiotics might work-they might not. I took them for years and I'm still sick. https://www. wpxi.com/news/top-stori es/lyme-disease-patients-experience-symptoms-after-thinking-they-were-cured-1/815946843 …,2018-08-20 17:07:14+00:00,
128,LymeTalkNow,There is always hope! #hope #motivationmonday #lyme #lymedisease #lymenow #lymewarrior #chroniclyme #lymesucks #chroniclymedisease #lymefighter pic.twitter.com/RVF6khhsWW,2018-08-20 15:40:11+00:00,
129,CassidyMaree30,"Two years ago, I was recovering from my blood clot, due to complications form my #ChronicLymeDisease Today, I start phase 2 of the #80dayobsession from @Beachbody #shefitness #progress pic.twitter.com/VWSf6VC89b",2018-08-20 11:41:13+00:00,
130,moonmoonmother,"& trust me I know, #ChronicLymeDisease bacteria burrows into your every living tissue, causing massive pain & a host of various symptoms. Exposure to chemicals can make anyone acutely sick then reactivate dormant infections & make people sensitive to their environment. It's real. https:// twitter.com/Barnacules/sta tus/1031440683838533637 …",2018-08-20 07:45:19+00:00,
131,LesliePease1,#ShareOurPain #ScreamLouder #OpioidHysteria #PatientsNotAddicts #IllicitFentanylCrisis #TellTheTruth #MultipleSclerosis #MS #SuicideDueToPain #GetGovernmentOutOfDoctorsOffices #ChronicLymeDisease #Meningioma #ChronicPain @POTUS @MikeCrapo @shawnkeough @votesagedixon https:// twitter.com/DanLairdMD/sta tus/1029580471649239040 …,2018-08-20 06:55:42+00:00,
132,moonmoonmother,The people in #Afflicted are truly physically ill. I have #ChronicLymeDisease & have gone through the same journey as they have. Worst of all is the ignorance & ableism that keep being perpetuated by harmful comments such as yours. https:// twitter.com/SmithLynsie/st atus/1028123620336263168 …,2018-08-19 03:43:10+00:00,
133,moonmoonmother,"I have #ChronicLymeDisease & after an oil spill in my previous apartment, it got triggered & reactivated. I started experiencing sensitivities to wifi & electronics (along with other sensitivities). What Carmen is experiencing is REAL. What you're saying is ignorant & harmful. https:// twitter.com/AishaKSmart/st atus/1028220265283694592 …",2018-08-19 03:36:35+00:00,
134,LoriGeurin,Lyme Disease Is Spreading Fast. Why Isn’t There a Vaccine? #chronicLymeDisease #LymeDisease https:// buff.ly/2vK04ur https:// buff.ly/2vK04ur,2018-08-18 20:01:02+00:00,
135,LoriGeurin,Lyme Disease Is Spreading Fast. Why Isn’t There a Vaccine? #chronicLymeDisease #LymeDisease https:// buff.ly/2vK04ur,2018-08-18 19:55:06+00:00,
136,LymeTalkNow,#lymesucks #lyme #lymedisease #chroniclyme #lymenow #chronicillness #invisibleillness #lymelife #chroniclymedisease pic.twitter.com/1F5oU60D8z,2018-08-18 15:25:06+00:00,
137,ChristieMLeto,"The reason there’s no vaccine is because of how complicated this disease is. It would also mean the government would have to admit they’ve been deceiving the public for 1/2 a century! Ppl are dying, #ChronicLymeDisease is an epidemic! They can’t even come up w accurate testing?! https:// twitter.com/DrDanielCamero n/status/1029499622492921856 …",2018-08-15 04:51:20+00:00,
138,i_luv_ewe,"#Babesia is out of remission. Started new, more intense protocol an hour ago. The next 4 months aren't going to be all awesome and sunshiney. Perhaps, though, this is what is needed to finally get that #LymeCoInfection in remission! #ChronicLymeDisease pic.twitter.com/8m5I8SMFxt",2018-08-13 12:25:44+00:00,
139,ChronicallyTS,"The temp dropped by 20° today. My body is screaming. Any time the weather changes drastically, my body freaks out basically shuts down. #temperature #weatherchanges #lymedisease #chroniclyme #chroniclymedisease #Babesia #cfs #chronicillness #lymie #spoonie",2018-08-12 04:04:48+00:00,
140,LymeTalkNow,#wisdomwednesday #lyme #lymedisease #lymewarrior #lymefighter #lymedontkillmyvibe #lymelife #lymesucks #chroniclyme #chroniclymedisease pic.twitter.com/N0KVQn7HNS,2018-08-08 15:20:10+00:00,
141,StylesSa191919,#Lymedisease #chroniclymedisease #wakeuptolyme #lymeandco #abouttimeforlyme #controversial .....what to do?? https:// twitter.com/UKLyme/status/ 1027132416337563649 …,2018-08-08 10:56:02+00:00,
142,maureenvandam,https:// canlyme.com/2018/08/02/gro und-breaking-recognition-of-lyme-borreliosis-in-11th-international-classification-of-diseases-world-health-organization/ … #LymeDisease #LymeCarditis #Neuroborreliosis #ChronicLymeDisease,2018-08-07 15:55:46+00:00,
143,moonmoonmother,"heart & liver--I have had heart issues before & my liver doesn't work as well as it should be. I just wanted to share this because #chroniclymedisease is a serious life-threatening illness that kills you slowly & its friends #Babesia , #Bartonella , #Mycoplasma & co. are just as",2018-08-07 03:18:10+00:00,
144,TotalFuckGay,"When I'm not listening to @democracynow , ranting on twitter, or going to a doctor to treat #ChronicLymeDisease , I make 'music' as a solo artist and as part of TFG. Here's the latest TFG single. It's only 2 minutes long and very entertaining. #Anal https:// totallyfuckinggay.bandcamp.com/track/sex-in-t he-butt-can-be-quite-painful-2 …",2018-08-03 00:48:00+00:00,
145,chronicluvclub,#CLCMemberFeature : Jae! Check out her story here- https:// instagram.com/p/Bl_lUKDgu0g/ She … and I share a diagnosis & that’s always exciting; to know you aren’t alone. #chronicloveclub #tickborneillness #invisibleillness #chronicLymedisease #Lyme #ticks #Bartonella #EpsteinBarr pic.twitter.com/p1wdziCPN9,2018-08-03 00:22:32+00:00,
146,ChristieMLeto,"#LiabilityAttorneys @ErinBrockovich The Lyme Community needs help. Please DM me where we can start. This is too huge for many sick & dying. Please help us, no one is willing to tackle the biggest medical cover up in US government history #ChronicLymeDisease & #ManyCoInfections https:// twitter.com/Rjjames0416/st atus/1018841396650786816 …",2018-08-02 04:13:14+00:00,
147,IMofNV,#Lyme Disease Working Group. Get Accurate diagnosis of #Lymedisease with post innovative and effective therapies to treat the course of illness. #lymediseasesurvivor #lymeadvise #lymewarrior #lymelife #lymesupport #chronicillness #chronicpain #chroniclyme #chroniclymedisease pic.twitter.com/SaYiYmqn0g,2018-08-01 15:00:47+00:00,
148,i_luv_ewe,"Bad news, boys and girls...I'm no longer in remission. Well, I'll consider this a few steps back and call it a Cha Cha. Really, I have no other choice so I'll just keep ""dancing"" and hope that I get better. I want to win. #Babesia #Bartonella #ChronicLymeDisease #NeverGiveUp pic.twitter.com/zgHbp20H0C",2018-07-30 21:10:20+00:00,
149,JSchling,"#ChronicLymeDisease . #LymeDisease . ?? This does not surprise me at all, unacceptable as it is.",2018-07-30 12:18:32+00:00,
150,JSchling,"#ChronicLymeDisease . #LymeDisease . ?? This does not surprise me at all, unacceptable as it is. https:// twitter.com/ChronicKarina/ status/1022134065309396992 …",2018-07-30 12:18:03+00:00,
151,ChristieMLeto,Good luck! Trying to stay hopeful but this disease is so complicated. I have 4 awful co infections at least in my body as well as #ChronicLymeDisease btw #mosquitoes are carrying all these also! I hope you’re research helps us in some way.,2018-07-27 19:24:08+00:00,
152,JohnCBaker4,"If we had Universal Healthcare raising money on GoFundMe for Brenda and her son Ryan wouldn’t be necessary. Until then, your help is needed: #ChronicLymeDisease https://www. gofundme.com/brenda-amp-rya n-battle-chronic-lyme?sharetype=teams&member=502616&rcid=r01-153265416555-4c605b82c2f64df9&pc=tw_co_campmgmt_m … via @gofundme",2018-07-27 01:24:10+00:00,
153,ChronicallyTS,"Makes me so, SO angry. I was barely 15 when I got sick. I had to drop out of high school and later on college, because of my 'non-excitant' illness. Wake up people. Lyme Disease is REAL and it kills. #LymeDisease #lyme #chroniclyme #chronicillness #chroniclymedisease pic.twitter.com/IPmRK0T9xJ",2018-07-26 10:26:19+00:00,
154,AdviseLyme,Mic drop. . . #physician #md #llmd #spirochete #chroniclymedisease #lyme #lymedisease #lymediseaseawareness #spoonie #awareness #lymeadvise #lymewarrior #lymelife #lymedontkillmyvibe #strength #educate #medical #health #wellness pic.twitter.com/vEdh49Tvao,2018-07-21 16:19:59+00:00,
155,V_of_tReason,"Flash back to our conversation last year... it's a pity you didn't get to ask @joeschwarcz about that oh-so-fake ailment, #ChronicLymeDisease . Maybe next time.",2018-07-17 12:31:52+00:00,
156,ChristieMLeto,"I’ve felt much better the past few months. After 5 mos of trtmt & #HerxingHell I’ve been out w hubby,family,friends too. Good for a few hours depending on heat & rest. Today I fell hard. I knew it! Felt it coming, denial? Fever is 102! #ChronicLymeDisease Please go hide again!",2018-07-17 00:07:42+00:00,
157,LymeTalkNow,"Lyme is widespread, very difficult to detect, and can change form to avoid threats. It's pretty much the ultimate super villain. #lymedisease #lyme #lymewarrior #lymedontkillmyvibe #lymelife #chroniclyme #lymesucks #chroniclymedisease #lymefighter pic.twitter.com/koTu8tZ2R3",2018-07-16 15:45:16+00:00,
158,thepoetryvlog,"Ritual as routines that add embodied meaning to self-aware tending. Absolutely part of my #chroniclymedisease management methods. This is so worth a read if you have a chronic, painful condition or illness, even if just for the validation/reminder. #LymeDisease #chronicillness https:// twitter.com/lisamariebasil e/status/1017059707847094272 …",2018-07-11 15:05:58+00:00,
159,aTickingTimebom,Only Lyme Warriors can relate. Kindly click to full view. #chroniclymedisease #lymediseasechallenge #pinkslyme #lymedisease #chroniclyme #lymediseaseawarenessmonth #lyme #lymepark #lymefighter #newcastleunderlyme #oldlyme #lymesdisease #lymesucks #lymeregisbeach pic.twitter.com/abnV0rLu9c,2018-07-05 15:51:02+00:00,
160,aTickingTimebom,that Only Lyme warriors can relate #lymediseasesucks #chroniclymedisease #lymediseasechallenge #pinkslyme #lymedisease #chroniclyme #lymediseaseawarenessmonth #lyme #lymepark #lymefighter … https://www. instagram.com/p/Bk2wHUxAW0_/ ?utm_source=ig_twitter_share&igshid=12svik78adbcs …,2018-07-05 15:45:59+00:00,
161,starhistorian,. @billmaher Dear Bill Maher: I’m anti-Trump and a Liberal! I have #ChronicLymeDisease it’s a very painful debilitating disease that I will die from one day twice now you’ve made #LymeDisease the butt of a Joke on your show #juststop #notfunny !,2018-07-02 16:53:55+00:00,
162,AdviseLyme,I love my Healing Journal . . #journal #author #inspiration #bookstagram #booksofinstagram #chroniclymedisease #chronicpain #chronicillness #lyme #lymedisease #lymediseaseawareness #spoonie #awareness #lymeadvise #invisibledisability #lymedontkillmyvibe #strength pic.twitter.com/SqRYue5dlN,2018-06-29 02:28:49+00:00,
163,LymeTalkNow,#lymesucks #lyme #lymedisease #chroniclyme #lymenow #chronicillness #invisibleillness #lymelife #chroniclymedisease pic.twitter.com/YBQtoLiwpT,2018-06-28 15:25:08+00:00,
164,aTickingTimebom,Not nice at all... #lymesucks #lymedontkillmyvibe #lymediseasechallenge #lymelife #lyme #lymefighter #lymetreatment #lymeregis #chroniclymedisease #lymeregisbeach #lymepark … https://www. instagram.com/p/BkiJo-pAFAd/ ?utm_source=ig_twitter_share&igshid=1lxaxeyyuiqg …,2018-06-27 15:45:01+00:00,
165,NurseRegistryRN,"Chronic lyme disease IS real. Watch the trailer for Under Our Skin, a movie about lyme disease that was released in 2008. http:// bit.ly/2MR7hjx #lymedisease #chroniclymedisease #lymeisreal",2018-06-22 19:50:05+00:00,
166,VenselEvangelia,"Has anyone ever mentioned Lyme disease to you? I was misdiagnosed with fibromyalgia, lupus, MS and it was actually #chroniclymedisease . I’m also a cosmetologist and know how toxic beauty care is in the United States. Stay strong warrior! Love your passion!!",2018-06-21 16:35:54+00:00,
167,john_schlesser,@drdrew Just heard a caller in episode #896 about Rocky mountain spider fever on @AdamAndDrewShow . It sounded very similar to this on s4ep10 of @sciencevs . #ChronicLymeDisease . #DrDrew #adamcarolla #Sciencevs . pic.twitter.com/rBUWGTe3aw,2018-06-16 09:14:26+00:00,
168,baskett_case,When will this #Torture end #NHS won’t treat or recognise #ChronicLymeDisease and co-infections #NICEGuidelines not fit 4 purpose.. 8 yrs bedbound had 34th Surgery for #HPVSCC #Misdiagnosed With #Fibromyalgia #ME & more! #NHSFail #PHE #ChronicLymeIsReal #gastroparesis #Neuropathy pic.twitter.com/yTbmHu1I9l,2018-06-15 21:31:36+00:00,
169,i_luv_ewe,"Time to sign off for now. The herxing is kicking in. On the positive, while I still feel like crappola, I am making improvements. That's important for keeping hope alive! Welcome to another #FlagylFriday #ChronicLymeDisease . Be you, #FellowFighters . pic.twitter.com/UQYKP4I7Rd",2018-06-15 14:23:28+00:00,
170,AdviseLyme,We know Lyme patients are struggling to find lawyers to assist with disability cases. Peter Cordovano can help. #disability #disabilitylaw #lawyer #ny #chroniclymedisease #chronicillness #lyme #lymedisease #lymediseaseawareness #invisibledisability #lymedontkillmyvibe #strength pic.twitter.com/Ql2oH8l7X6,2018-06-15 01:21:04+00:00,
171,LymeTalkNow,Thankful Thursday! #lyme #lymedisease #lymenow #lymesupport #thankfulthursday #chronicillness #chroniclyme #chroniclymedisease #invisibleillness #lymefighter pic.twitter.com/q9Nr6Imbgi,2018-06-14 15:30:31+00:00,
172,TheDiligentLife,For my journey with #chroniclymedisease ... https://www. amazon.com/Recipes-Repair -Expanded-Inflammation-Sensitivities/dp/0983097747/ref=as_li_ss_tl?s=books&ie=UTF8&qid=1528746378&sr=1-1&keywords=lyme+recipes&linkCode=ll1&tag=thedilwom-20&linkId=a04f17374c918d2c5d00c01f8f1075b7 …,2018-06-12 20:00:05+00:00,
173,ChristieMLeto,Absolutely Born & Raised in Rockland County & I have everyone of them plus 2 strains of Babesia! Maybe someone should give the local infectious disease drs a clue! They seem to think I’m as healthy as a horse #ChronicLymeDisease,2018-06-10 23:07:00+00:00,
174,Lyme_Pie_Slices,How about get #chronicLymedisease and #moldillness recognized by mainstream medicine & many of them might stop,2018-06-08 22:34:53+00:00,
175,PoseidoniaMedCY,#poseidonia_lyme #lymediseaseawarenessmonth #lymefacts #lymediseaseawareness #lymedisease #lyme #lymewarrior #importantinformation #healing #chronicillness #chroniclymedisease pic.twitter.com/2R2ve2HCiq,2018-06-08 18:08:26+00:00,
176,MickiSuzanne,A not-so-comforting must-read for other individuals suffering from #ChronicLymeDisease #LymeDisease https://www. newyorker.com/magazine/2018/ 06/04/memoirs-of-disease-and-disbelief …,2018-06-04 21:44:28+00:00,
177,Stef12878,#chroniclymedisease pic.twitter.com/1vEbGkunTZ,2018-06-03 22:33:56+00:00,
178,Stef12878,@CDCgov #LymeDisease #chroniclymedisease #lymesndcoinfections #chronicillness pic.twitter.com/DZJ0R41Vqg,2018-06-03 17:55:46+00:00,
179,DCyberMonkey,@goodhealth @CII_Columbia your recent article claims there is no scientific proof of active infection in patients experiencing post treatment Lyme syndrome - but this scientific proof states otherwise: https://www. morgellonssurvey.org/news/post-trea tment-lyme-syndrome-debunked/ … #ChronicLymeDisease,2018-06-02 08:23:29+00:00,
180,ChronicallyTS,"Man I'm really bummed that my little laptop is not good enough to edit. I'm way to ill to sit at the computer and edit, but I don't want to keep neglecting my #YouTube channel. #sponnieproblems #IAmACreator #chronicpain #chronicillness #smallYoutuber #chroniclymedisease #IBS",2018-06-01 00:32:48+00:00,
181,AdviseLyme,I wonder just how many can relate to this? I know I can! #lyme #lymedisease #lymediseaseawareness #spoonie #awareness #lymeadvise #lymewarrior #lymelife #lymedontkillmyvibe #strength #educate #medical #health #wellness #chroniclymedisease #chronicfatigue #disability #mentalhealth pic.twitter.com/he9cLuy7kH,2018-06-01 00:20:25+00:00,
182,LadyCleodora,#lyme #Lymedisease #lymeawareness #LymeAwarenessMonth #chroniclymedisease #torture #chronicillness pic.twitter.com/HvJZKpA8rp,2018-05-31 10:38:31+00:00,
183,ChristieMLeto,"Omg!! How many of those on 5 kids have I missed?? Damn it! I’m sure my mother never saw mine, that’s how it all began! 38 yrs (prob longer)of #ChronicLymeDisease that I know of & counting. God help us all! https:// twitter.com/natcaplyme/sta tus/1001840924580868096 …",2018-05-31 02:36:38+00:00,
184,LadyCleodora,#Lyme #lymedisease #chroniclyme #chroniclymedisease #chronicillness #spoonie,2018-05-30 21:42:30+00:00,
185,ChristieMLeto,"Just when I think my fam is starting to understand what #ChronicLymeDisease means I walk into Sunday dinner & hear How are you? Me: ok I guess really tired today!” Him: oh you’re fine, her: he wants to hear you’re fine!” Me: FU to myself of course! I ate & left!! Ugghhhh",2018-05-29 01:11:06+00:00,
186,botanical_i,#organichemp #hempkillscancer #cannabiskillscancer #fuckcancer #dispensary #surfer #health #fitness #yoga #extremesports #Alternativemedicine #Wellness #cbddaily #tincture #grapeseedoil #hemplife #coconutoil #vape #pureplantoils #arthritis #chronicpain #cancer #chroniclymedisease pic.twitter.com/Cv59t4mv4u,2018-05-28 22:30:43+00:00,
187,aGirlWithLyme,Don’t know what a herximer’s reaction is? Watch my latest video to learn what it is and how to limit the effects of a bad herx reaction! #ChronicLymeDisease #SmallYouTuber https:// youtu.be/DMOWrEJxYTw,2018-05-27 17:45:45+00:00,
188,mansaqu,#ChronicLymeDisease 線維筋痛症 と鑑別が困難な #疼痛 と#全身倦怠感 が特徴的な臨床症状 #Doxycycline から #アモキシシリン #Acetaminophen 対症療法 #Amoxicillin は4週間継続 #顔面神経麻痺 は 2 週間程度で改善し同時期に解熱も認めた 引用元 http:// journal.kansensho.or.jp/Disp?pdf=08700 10044.pdf&lang=EN … #CFS #ME #Fibromyalgia https:// twitter.com/mansaqu/status /1000307681440088065 …,2018-05-26 10:13:05+00:00,
189,NeomedCyprus,"May is #LymeDiseaseAwareness Month. ""Most common symptoms of #LymeDisease are fatigue, muscle and joint pain like arthritis, memory loss, #cognitive confusion, headaches and digestive issues. Talk to us about Lyme Disease: http://www. neomedinstitute.com/lyme-disease/ #LymeWarrior #ChronicLymeDisease pic.twitter.com/vzjHCADSLv",2018-05-25 15:14:22+00:00,
190,AdviseLyme,Having quality of life is absolutely possible if you suffer from chronic lyme disease. . . #pemftherapy #pemf #tesla #nikolatesla #chroniclymedisease #lyme #lymedisease #lymediseaseawareness #spoonie #awareness #lymeadvise #lymewarrior #lymelife #lymedontkillmyvibe #strength pic.twitter.com/QRw5mBEkV7,2018-05-24 19:48:00+00:00,
191,claire_altman16,when youre having a horrible Lyme day and dying in bed but @PanicAtTheDisco just released High Hopes #ChronicLymeDisease #LymeWarrior pic.twitter.com/bJde8rS7YQ,2018-05-23 18:26:37+00:00,
192,LynnSheplerMD,#MECFS pts do not understand how their politics is linked w/ #Lyme politics. Five new Lyme vaccines coming; no clinically distinguishable difference between #chroniclymedisease & #MECFS . But IDSA wants there to be b/c women with #CLD / #MECFS have the lowest antibody. Complicated.,2018-05-20 10:01:59+00:00,
193,May12org,#MyalgicE #PwME #SevereME #PostSepsis #ImmuneDeficiency #ChronicLymeDisease #ReactivatedHerpesViruses #OpportunisticInfections https:// twitter.com/rebshloima/sta tus/997528477321527296 …,2018-05-18 22:15:11+00:00,
194,May12org,#PwME #ChronicLymeDisease #PostSepsis #ImmuneDeficiency https:// twitter.com/AnneSpaceCoast /status/997160821481353216 …,2018-05-18 21:43:04+00:00,
195,ChronicallyTS,"Still unsure if this fatigue is my normal fatigue being lame, or if it's the medicine working and making me more sleepy as it fights off the ick. #cfs problems y'all. #ChronicFatigueSyndrome #chroniclyme #chroniclymedisease #chronicillness #sotired #fatigue #lyme #spoonie",2018-05-15 22:43:14+00:00,
196,NatashaJadeS,#MEAwarenessDay #May12th #internationalMEawarenessday #MEawareness #millionsmissing #chronicillness #chronicpain #invisibleillness #mecfs #myalgicencephalomyelitis #chronicfatiguesyndrome #fibromyalgia #fibro #jointhypermobility #EDS #chroniclymedisease #lymedisease #POTS pic.twitter.com/VvijUaoYpf,2018-05-12 15:34:42+00:00,
197,PoseidoniaMedCY,#poseidonia_lyme #lymediseaseawareness #lymediseaseawarenessmonth #lymefighter #lymewarrior #lymedisease #lyme #chroniclymedisease #lymefacts #invisibleillness pic.twitter.com/iwLUeO6wvZ,2018-05-11 19:12:28+00:00,
198,JeBanach,cc: @jenbrea @unrestfilm @jayletay @AnilvanderZee @OpenMedF @StanfordGenome @MEActNet You've got cameos. #MillionsMissing #pwME #MyalgicEncephalomyelitis #Fibromyalgia #chroniclymedisease #lyme #POTS #MCAD #ENDO #EhlersDanlos #autoimmune #invisibleillness #chroniclife etc.,2018-05-11 13:25:29+00:00,
199,459c9799a43e485,#LymeCryme #ChronicLymeDisease #LymeDisease #CDC #TruthCures https://www. truthcures.org/charge-sheets,2018-05-11 13:09:35+00:00,
200,MHIIR_14,May is #LymeDiseaseAwarenessMonth #LymeDiseaseAwareness #LymeAwarenessMonth #LymeDisease #Lyme #Ticks #TickBite #BullsEyeRash #LymeWarrior #TheGreatImitator #chronicillness #ChronicPain #ChronicFatigue #ChronicLymeDisease #ChronicLyme #invisibleillness @MHIIR_14 pic.twitter.com/qUTbvYPZjA,2018-05-10 13:55:56+00:00,
201,MHIIR_14,May is #LymeDiseaseAwarenessMonth #LymeDiseaseAwareness #LymeAwarenessMonth #LymeDisease #Lyme #Ticks #TickBite #BullsEyeRash #LymeWarrior #TheGreatImitator #chronicillness #ChronicPain #ChronicFatigue #ChronicLymeDisease #ChronicLyme #invisibleillness @MHIIR_14 pic.twitter.com/Q5eLfLdZh6,2018-05-10 13:54:09+00:00,
202,aGirlWithLyme,"Think You Have #LymeDisease ? This may help **caution, I am not a doctor. Just a #ChronicLymeDisease patient for the past 10 years trying to help others https:// youtu.be/aLspwp_O1cA",2018-05-10 02:23:26+00:00,
203,walkwithawidow,"There are a lot of myths about Lyme disease...such as, ""You can only get it from a tick."" Please take the time to educate yourselves! #lymediseasearenessmonth #lymewarrior #chroniclymedisease #invisibleillness",2018-05-09 19:01:37+00:00,
204,66Rancher,Not bad for someone who has been to the bottoms with a nasty case of#chroniclymedisease I am grateful to be back in life Thank You Barcelona pic.twitter.com/Ip51M2rFPt,2018-05-06 12:45:29+00:00,
205,i_luv_ewe,"Sometimes it's tough for me to "" "" what I read/retweet on #ChronicLymeDisease because some of the content makes me sad. I do LOVE that more is finally being done. It's tough...can't lose hope, though.",2018-05-04 00:33:20+00:00,
206,LymeLightRadio,Katina and Suzanne will show you how to open the seven sacred energy systems of the body so that you can access an astonishing creative wellspring that has the power to heal the energetic body and move a crowd. https:// bit.ly/2qUBuEK #chroniclymedisease #katinamakris #wellness pic.twitter.com/xEvErmpYPB,2018-05-02 13:30:25+00:00,
207,i_luv_ewe,How #ChronicLymeDisease makes many people feel... pic.twitter.com/LIEeELIDiK,2018-05-02 03:47:44+00:00,
208,i_luv_ewe,The world must unite to make forward progress before every shining star on this dies. ... #ChronicLymeDisease #LymeIsReal #AwarenessImportant #NeedACure,2018-05-02 03:44:11+00:00,
209,i_luv_ewe,I have an aggressive case of #ChronicLymeDisease & have fought to get better since 2015. 4 me it's a continual uncoordinated Cha Cha making awesome progress some days & others wher3 I feel like I'm dying on the insid3. I'm so tired of all this crap...and I don't sleep anymore. https:// twitter.com/Lymenews/statu s/986254903554162688 …,2018-05-02 03:09:47+00:00,
210,Em_Oliver_,I'm enroute to the Lyme disease #protest at #Parliament . Standing up for those that can't & knowing that could be me stuck in a wheelchair -or rather would have been me if I'd stuck with the NHS & never got diagnosed #lymedisease #chroniclymedisease #latelymedisease #wakeuptolyme,2018-05-01 09:06:29+00:00,
211,JenniferTKnight,Pity Parties - Dealing with loss from #chronicillness Read Here https:// goo.gl/MWkYGK #chroniclymedisease #lyme,2018-04-27 14:00:45+00:00,
212,ChristieMLeto,Not to mention severe early onset #arthritis since it has eaten away at all cartilage! #ChronicLymeDisease #ChronicPain,2018-04-27 02:35:15+00:00,
213,LymeGirl13,The beauty of doctor’s appointments over the phone... #chroniclymedisease https://www. instagram.com/p/BiDQn_IADI5/,2018-04-26 22:46:46+00:00,
214,VenselEvangelia,#chroniclymedisease pic.twitter.com/Hw5R4jTJWZ,2018-04-23 21:48:20+00:00,
215,ChronicalyCarly,When you really wanted to go to a show tonight and your body says #Chronicillness #chronicillnesses #LymeDisease #chroniclymedisease #POTS #dysautonomia #EhlersDanlosSyndrome #MyalgicEncephalomyelitis #Arthritis #autoimmune #ChronicPain #chroniclife pic.twitter.com/C7mdGTSwGT,2018-04-23 21:00:29+00:00,
216,msandreakent,Life is on painful hold because of #ChronicLymeDisease and #babesiosisduncani,2018-04-23 20:37:37+00:00,
217,PoseidoniaMedCY,Let's begin the week with positive thoughts #wecare #poseidonia_lyme #lyme #lymewarrior #lymedisease #chronicillness #chroniclymedisease pic.twitter.com/e7hAXFPt08,2018-04-23 11:02:42+00:00,
218,ChristieMLeto,Another great interview @ALLYHILFIGER brings #LymeAwareness to everyone willing to listen!I cry every time! Really breaks my heart how little ppl know about an #epidemic That WILL change your life forever! #NoCureInSight #NoImNotAllBetter #ChronicLymeDisease Thank You Ally! https:// twitter.com/alitmoresco/st atus/987416639460335616 …,2018-04-20 21:19:57+00:00,
219,PoseidoniaMedCY,We at Poseidonia Medical Centre know what you are going through! Be strong We believe in you! #poseidonia_lyme #lymedisease #chronicillness #chroniclyme #chroniclymedisease #friday #cyprus #larnaca #treatment pic.twitter.com/M0Wmw2BxLQ,2018-04-20 19:24:18+00:00,
220,KellyFalk,UPDATE: The first 6 months of my #ChronicLyme battle. ➡︎ http:// youcaring.com/helpkellyrecov er … #ChronicLymeDisease #LymeFighter #LymeDiseaseAwareness,2018-04-20 17:14:30+00:00,
221,homheroes,"Sadly enough, our first hand knowledge of living with #chroniclymedisease compares and shared much to much with this godawful pandemic #lymepain #opioiduse http:// denver.cbslocal.com/2018/04/17/her oin-fentanyl-pandemic-drugs/ …",2018-04-18 17:58:10+00:00,
222,CassidyMaree30,Watch how two sick girls handle college for the weekend on the latest #LyssaAndLymie video https:// youtu.be/q2lG2biM94k #ChronicLymeDisease #HodgkinsLymphoma #SalisburyUniversity #DanceParty #Love @TheEllenShow,2018-04-18 15:37:10+00:00,
223,ChristieMLeto,@rosannascotto Yay look at our @marybethpf on #GDNY . I spray my sons sneakers & cleats till they’re drenched!! We also love @ElenaFridMD pioneers in our #ChronicLymeDisease world! Thank you once again @fox5ny for bringing #awareness to something that’s changed my world!,2018-04-17 12:52:59+00:00,
224,JenniferTKnight,Pity Parties - Dealing with loss from #chronicillness Read Here https:// goo.gl/MWkYGK #chroniclymedisease #lyme,2018-04-16 15:34:36+00:00,
225,PolicyHipHop,The Main Driver of Disease in Chronic Lyme Disease #LymeDisease #ACTUP4LYME #CDC #ChronicLymeDisease #TBDWG https:// youtu.be/22K0PzvSngs via @YouTube,2018-04-13 00:22:54+00:00,
226,CassidyMaree30,New blog post! This is one I’ve been working on for awhile about a topic most don’t discuss. Check it out and feel free to share! https:// thelymediary.wordpress.com/2018/04/10/rel ationships/ … #ChronicLymeDisease #Relationships @LymeAlliance @LadyofLyme @Lymeloonies @YolandaHadid,2018-04-10 15:19:22+00:00,
227,LymeTalkNow,Motivation Monday! #lymewarrior #lymefighter #lyme #lymedisease #lymenow #lymesupport #motivationmonday #chroniclyme #chroniclymedisease #lymies #spoonie #chronicillness #invisibleillness pic.twitter.com/VajbtKgMzl,2018-04-09 15:10:11+00:00,
228,JenniferTKnight,Pity Parties - Dealing with loss from #chronicillness Read Here https:// goo.gl/MWkYGK #chroniclymedisease #lyme,2018-04-08 21:05:09+00:00,
229,i_luv_ewe,Mood #ChronicLymeDisease #ToughTreatmentDay pic.twitter.com/S5kjXydOuD,2018-04-08 18:36:34+00:00,
230,ChristieMLeto,How about giving those of us w #ChronicLymeDisease the attention & prayers we so desperately need on this #WorldHealthDay2018 PLEASE we’ve been ignored for decades!,2018-04-07 13:46:34+00:00,
231,ChristieMLeto,@susancorbett Or whom ever u are?This is me sweetie! I don’t hide behind fake profiles or ages! I maybe sick but I would never fake anything! You need help! Mentally stable ppl do not fake life threatening diseases! Be careful tweeps! I’m 48 & proud of it! #ChronicLymeDisease pic.twitter.com/N0PTh5OJwp,2018-04-05 21:10:12+00:00,
232,LymeTalkNow,Motivation Monday! #lymesurvivor #survive #motivationmonday #mondaymotivation #lyme #lymedisease #lymesupport #lymenow #chroniclyme #chroniclymedisease #chronicillness #lymies #spoonies pic.twitter.com/7MIifwbwE8,2018-04-02 15:40:11+00:00,
233,NatashaJadeS,Happy Easter! #happyeaster #easter #eastersunday #millionsmissing #chronicillness #chronicpain #invisibleillness #mecfs #myalgicencephalomyelitis #chronicfatiguesyndrome #fibromyalgia #fibro #jointhypermobility #EDS #chroniclymedisease #lymedisease #POTS #fatigue #sleep pic.twitter.com/6fV0sNS2DT,2018-04-01 18:38:35+00:00,
234,JenniferTKnight,Pity Parties - Dealing with loss from #chronicillness Read Here https:// goo.gl/MWkYGK #chroniclymedisease #lyme,2018-03-31 19:34:58+00:00,
235,arisonned,"Does anyone know what the rash associated with #chroniclymedisease looks like? Just been told be a #Neuro its very very very very very very rare, but does exist and appears on theextremities. I can’t find anything. The only rash I know of with #lymedisease is a bullseye. Anyone?",2018-03-28 21:47:03+00:00,
236,arisonned,"Does anyone know what rash associated with #chroniclymedisease looks like? Just been told be a #Neuro ist very very very very very very rare, but does exist with this rash on extremities. I can’t find anything #lymedisease",2018-03-28 20:48:09+00:00,
237,CassidyMaree30,"A little update on what’s been going on, with the help of some @Snapchat filters! https:// youtu.be/ASX4zPLokdU #ChronicLymeDisease #HodgkinsLymphoma @TheEllenShow",2018-03-28 15:02:19+00:00,
238,CassidyMaree30,One of my dreams is finally coming true! We are opening a Montgomery County Lyme Disease Support group! This group is open to Lymies of all ages! So please join us! And share! Follow the link for more info: https:// natcaplyme.org/support-groups /#maryland … #ChronicLymeDisease,2018-03-26 17:40:42+00:00,
239,halebop15,#Lyme #LymeDisease #chroniclymedisease #lymeloonies today is not a good day. I feel like crap. My stomach is tore up from antibiotics. I hate Lyme disease! Who’s with me in this awfulness? This disease is consuming. I pray for all going through this.,2018-03-23 18:17:59+00:00,
240,LymeTalkNow,"Jimmy Walker, winner of the PGA Championship in 2016, is now making progress in his Lyme recovery. Read here: http://www. lymenow.com/jimmy-walker-g etting-stronger-after-recovering-from-lyme/ … #lyme #lymedisease #lymenews #lymenow #lymeawareness #chroniclyme #chroniclymedisease #chronicillness #invisibleillness",2018-03-23 15:05:11+00:00,
241,JenniferTKnight,Pity Parties - Dealing with loss from #chronicillness Read Here https:// goo.gl/MWkYGK #chroniclymedisease #lyme,2018-03-22 17:03:41+00:00,
242,LymeTalkNow,Thankful Thursday! #thankfulthursday #lyme #lymedisease #appreciation #lymenow #lymesupport #chroniclyme #chroniclymedisease pic.twitter.com/15isCP1n7V,2018-03-22 15:05:14+00:00,
243,CassidyMaree30,Need something to do this snow day? Get caught up on the latest #LyssaAndLymie videos! https:// youtu.be/UTyoMnwt5zU #ChronicLymeDisease #HodgkinsLymphoma,2018-03-21 14:49:09+00:00,
244,LymeTalkNow,New Hope for Lyme Disease Read here: http://www. lymenow.com/new-hope-for-l yme-disease/ … #lyme #lymedisease #lymenow #lymenews #lymesupport #lymeawareness #chroniclyme #chroniclymedisease #morethanlyme #chronicillness,2018-03-17 15:55:07+00:00,
245,LymeTalkNow,#lymeawareness #lyme #lymedisease #lymenow #lymesupport #chroniclyme #chronicillness #lymies #spoonie #chroniclymedisease pic.twitter.com/mRndkSvAmu,2018-03-15 15:45:16+00:00,
246,CassidyMaree30,This week on #LyssaAndLymie we decided to share the stories behind our tattoos https:// youtu.be/p6ffy1PvANY #ChronicLymeDisease #Warrior #Tattoos,2018-03-14 13:03:36+00:00,
247,Lady_in_a_Cage,#lymedisease #kills people but the @CDCgov #lies about it. They also say #chroniclymedisease doesn't exist. Millions of us know that is #untrue . I've been my own doctor for almost 6 years because I've had to. I've done well. :) https:// twitter.com/skydivemag/sta tus/973167495325585414 …,2018-03-13 09:23:25+00:00,
248,maureenvandam,"Today is a good day, I'm able to sit for longer than 30 minutes woohoo #ChronicLymeDisease",2018-03-11 16:52:03+00:00,
249,CassidyMaree30,Taught so many kids about #ChronicLymeDisease today and it felt AMAZING #AwarenessIsKey,2018-03-10 20:33:52+00:00,
250,life_in_doses,"( #chroniclymedisease because that's the reason for the infusion, #narcolepsy because that's why I want to go to bed, and #adrenalfatigue is the reason I woke up early and couldn't get back to sleep, haha!) https:// twitter.com/life_in_doses/ status/972291322005590016 …",2018-03-10 02:08:48+00:00,
251,life_in_doses,"Head is throbbing, and aches all the way into my eye sockets and teeth...because I woke up 3 hours early today. Can't wait for this infusion to be over so I can go to bed! #chroniclymedisease #narcolepsy #adrenalfatigue",2018-03-10 02:01:30+00:00,
252,Lady_in_a_Cage,#Lymedisease #chronic #chroniclymedisease #inaccurate #testing https:// twitter.com/Em_Oliver_/sta tus/972080424670425088 …,2018-03-09 13:24:19+00:00,
253,Em_Oliver_,Have u ever tried googling: 'IS LYME DISEASE PANDEMIC?'... https:// writinglifeasitis.blogspot.co.uk/2018/03/today- i-asked-google-is-lyme-disease.html … #LymeDisease #LymeDementia #MS #ChronicFatigue #Fibromyalgia #Tickbites #Awareness #HiddenHistory #Borreliaburgdorferi #ChronicLymeDisease #health #Illness #LymeSymptoms #TickRemoval,2018-03-09 11:59:01+00:00,
254,maureenvandam,"All I wanna do is travel, but I'm stuck in bed. I decided today that when & if I'll feel better (it might take years, it might never happen, who knows) I'm gonna go travel for a few months. (If I'll ever have the money for it) #ChronicLymeDisease",2018-03-08 20:16:33+00:00,
255,TerryMMayfield,DENTAL SURGERY TRIGGERS FULL BODY PAIN IN PATIENT WITH SEVERE POST-TREATMENT LYME DISEASE SYMDROME @DrDanielCameron #LymeDisease #ChronicLymeDisease http:// danielcameronmd.com/dental-surgery -triggers-full-body-pain-patient-severe-post-treatment-lyme-disease-symdrome/ …,2018-03-07 23:52:24+00:00,
256,CassidyMaree30,A little update on how Alyssa and I have been doing lately She is one tough cookie! #LyssaAndLymie #ChronicCousins https:// youtu.be/2InJ_usZbdE #ChronicLymeDisease #HodgkinsLymphoma,2018-03-07 13:52:29+00:00,
257,CassidyMaree30,"My new blog post explaining the bill I just testified for, and my testimony #ChronicLymeDisease https:// thelymediary.wordpress.com/2018/03/03/sen ate-bill-793-and-house-bill-880/ …",2018-03-03 17:41:05+00:00,
258,CassidyMaree30,Need something to do on this yucky day? Get caught up on all things #LyssaAndLymie on YouTube https:// youtu.be/INJL83xynkY #HodgkinsLymphoma #ChronicLymeDisease,2018-03-02 16:14:23+00:00,
259,CassidyMaree30,This weeks vlog: The sick kid workout https:// youtu.be/INJL83xynkY #LyssaAndLymie #ChronicLymeDisease #HodgkinsLymphoma,2018-02-28 13:30:59+00:00,
260,Em_Oliver_,https:// writinglifeasitis.blogspot.co.uk/2018/02/info-r e-lyme-disease-tick-bites-how.html … #Aware #ChronicLymeDisease #chronicillness #Connecticut #health #Illness #LateLymeDisease #LifeAsItIs #LymeDisease #Lyme #LymeSymptoms #tickborne #Tickborneinfection #Nannying #USA #PostNatalDepression #TickRemoval #Ticks #Understanding #Wellbeing @UKLyme,2018-02-22 11:29:43+00:00,
261,CassidyMaree30,"This weeks #vlog : Where Would We Be Please take a look as we ask each other some hard questions about how our lives have changed from our illnesses, but we still have our sense of humors https:// youtu.be/KIbuLs9xy2U #ChronicLymeDisease #HodgkinsLymphoma #InvisibleIllness",2018-02-21 14:04:42+00:00,
262,SherifMikhail,#lyme Did you know there are different forms of Borrelia burgdorferi? Learn more: http://www. lymenow.com/lyme-products/ #lyme #lymedisease #lymenow #lymeawareness #research #lymenews #chroniclyme #chroniclymedisease,2018-02-19 01:18:53+00:00,
263,NatashaJadeS,My Happy Place #orlando #florida #america #pool #drinks #bikini #tan #sun #sunshine #sunbathing #home #secondhome #happyplace #millionsmissing #chronicillness #chronicpain #mecfs #fibromyalgia #jointhypermobility #EDS #chroniclymedisease #POTS pic.twitter.com/kHz48Ax826,2018-02-17 20:30:37+00:00,
264,LymeTalkNow,Did you know there are different forms of Borrelia burgdorferi? Learn more: http://www. lymenow.com/lyme-products/ #lyme #lymedisease #lymenow #lymeawareness #research #lymenews #chroniclyme #chroniclymedisease pic.twitter.com/gz5Cs985M0,2018-02-17 16:30:02+00:00,
265,CassidyMaree30,A little written update on how things are going and our new #vlog #LyssaAndLymie https:// thelymediary.wordpress.com/2018/02/16/lys sa-lymie/ … #ChronicLymeDisease #HodgkinsLymphoma,2018-02-16 20:27:26+00:00,
266,steedobson87,"When (not if) I win the #EuroMillions eventually, I will pay for my fiancé's treatment of #ChronicLymeDisease , buy my mum a house, give close friends and family money, treat myself to a rolex, buy a property in Manhattan NY then me and my missus move there and start a new life",2018-02-13 18:00:26+00:00,
267,SimoneHollandNL,#lopenvoorlyme #LymeDisease #lyme #chroniclyme #chroniclymedisease #lvl https:// twitter.com/SimoneHollandN L/status/963106804052955137 …,2018-02-12 17:46:50+00:00,
268,NatashaJadeS,all I’m thinking about is when can I go back to sleep?.. #millionsmissing #chronicillness #chronicpain #invisibleillness #mecfs #myalgicencephalomyelitis #chronicfatiguesyndrome #fibromyalgia #fibro #jointhypermobility #EDS #chroniclymedisease #lymedisease #POTS #fatigue pic.twitter.com/GKdYj1MgKS,2018-02-11 21:57:00+00:00,
269,DrFeliceGersh,http://www. rheumatologynetwork.com/arthritis/seve re-persistent-lyme-its-real-thing?GUID=9E87F2D2-AF51-4BF0-85FB-D06E26CDCD48&XGUID=&rememberme=1&ts=10022018 … Finally- #ChronicLymeDisease is acknowledged as real! #LymeDisease #fibromyalgia #ChronicFatigueSyndrome pic.twitter.com/e4MESgO3Nr,2018-02-10 19:40:22+00:00,
270,Lymenews,This article describes researchers who are just realizing that #chronicLymedisease is real... https:// buff.ly/2E4bHT6 pic.twitter.com/VEMlHAPsRC,2018-02-07 13:00:40+00:00,
271,ChristieMLeto,Sad but true all too #Typical for those of us w what has become #ChronicLymeDisease due to #ignorance & #arrogance by 98% of our Drs https:// twitter.com/bonnihuntsinge r/status/960931413494325248 …,2018-02-07 02:29:46+00:00,
272,ChristieMLeto,"Ok my brain let me read the first few pages, don’t think I retained much even after re reading over & over but this could be a huge component in healing. Getting my #ChronicLymeDisease & other illnesses into remission @DeepakChopra Thank You pic.twitter.com/KPiMJTi6Nj",2018-02-04 01:39:14+00:00,
273,ToRemission,"Finally some scientific evidence to prove what we've been already saying for years, but no one would listen. #missiontoremission #lymedisease #weneedchange #nomoreliveslost #chroniclymedisease #hearus https:// hub.jhu.edu/2018/02/02/chr onic-lyme-disease-is-real/ …",2018-02-03 20:23:50+00:00,
274,ChronicalyCarly,Having #chronicillness and disease sucks even more after all the pill taking gives you a super sensitive gag reflex. #chroniclymedisease #Lymedisease #dysautonomia #POTS #EDS #CFS #ME #Fibromyalgia #PANDAS #ChronicPain #painsomnia pic.twitter.com/6vU1PKMVxR,2018-02-03 10:04:55+00:00,
275,carolinejrogers,"#dayinthelife #chronicillness #anxiety #chroniclymedisease today was one of the hardest days I have had in a while..two anxiety attacks and a breakdown plus a couple episodes of ptsd during a 5 hr dr appt then had to be rushed to get a chest xray, thyroid ultrasound and bloods",2018-02-03 06:39:23+00:00,
276,AdviseLyme,Thank you! . . #chroniclyme #chroniclymedisease #lyme #lymedisease #lymediseaseawareness #spoonie #awareness #lymeadvise #invisibledisability #lymedontkillmyvibe #strength #educate #medical #health #wellness #tick #advocate #johnhopkinsuniversity pic.twitter.com/42Y7IlGbKY,2018-02-02 20:42:52+00:00,
277,ChristieMLeto,Hoping this is the answer to my #ChronicLymeDisease Have any of my fellow #Lymies tried the #RNA protocol? pic.twitter.com/MdsI4AVeS8,2018-02-01 21:54:45+00:00,
278,LymeTalkNow,Motivation Monday! #motivationmonday #motivation #lyme #lymedisease #lymenow #lymesupport #chroniclyme #chronicillness #chroniclymedisease #invisibleillness #spoonie pic.twitter.com/lqUhiLDaLN,2018-01-29 16:01:17+00:00,
279,CassidyMaree30,"Welcome to Lyssa & Lymie: a #vlog documenting Alyssa’s journey with #Cancer , and my journey with #ChronicLymedisease . Please take a look and subscribe to follow this crazy life of ours https:// youtu.be/YOb59L6a6x4",2018-01-28 00:48:12+00:00,
280,ChristieMLeto,"Thanks Dave! Big time melt down this morning, the tears were flowing here! Yes even my husband cries w me sometimes. It’s so hard on him as well! Who wants to wake up like this everyday? Besides crying is detoxing #ChronicLymeDisease",2018-01-27 23:33:11+00:00,
281,inthelyme_life,TOXIC FREE BATHROOM TOUR - Small youtubers promote in the comments! https:// youtu.be/7HJam4w8In4 via @YouTube #smallyoutubearmy #toxicfreeliving #chroniclymedisease,2018-01-26 14:13:07+00:00,
282,SubLyme77,"#LymeDisease & #ChronicLymeDisease 10 Symptoms Part 1 Including TMJ, Mi... https:// youtu.be/xCxrfdSmzsY via @YouTube",2018-01-23 02:21:59+00:00,
283,LymeTalkNow,Tag someone that has been there for you! #lyme #lymedisease #lymenow #appreciation #chronicillness #chroniclyme #chroniclymedisease pic.twitter.com/lOFK89lV3e,2018-01-22 16:40:17+00:00,
284,SubLyme77,This video is about #LymeDisease & #ChronicLymeDisease 10 Symptoms Part 1 http:// youtu.be/xCxrfdSmzsY?a,2018-01-21 22:29:59+00:00,
285,SimoneHollandNL,#lyme #chroniclymedisease #Dutch #LymeDisease #Nederlands #lvl #lopenvoorlyme https:// twitter.com/SimoneHollandN L/status/954077036682891264 …,2018-01-19 08:42:49+00:00,
286,DailyLyme,Anyone experiencing bruising on the spine with #Babesia ? LMK #chroniclymedisease,2018-01-17 23:25:05+00:00,
287,LymeTalkNow,Wisdom Wednesday #lyme #wisdomwednesday #lymedisease #lymenow #support #chronicillness #spoonie #choniclyme #chroniclymedisease #health #invisibleillness pic.twitter.com/MuWcsIiQAt,2018-01-17 16:30:30+00:00,
288,ChristieMLeto,Yuck! I hate these little bastards! #ChronicLymeDisease #Lymesomnia 4:30am & still awake?!! #WideAwake Reading how #Ticks smell us coming?!,2018-01-17 09:38:43+00:00,
289,PERMALINK43RWF,https://serenitybotanicals.com?rfsn=991606.3b5e8f serenitybotanicals.com/?rfsn=991606.3 … I had so much pain from #chroniclymedisease and their #kratom has given me my life back!,2018-01-17 02:15:41+00:00,
290,dxrevisionwatch,IDSA antitrust lawsuit thrusts chronic Lyme disease into health care limelight https:// goo.gl/v3YF4Z #ChronicLymeDisease #CFS #MUS,2018-01-16 18:23:57+00:00,
291,LymeTalkNow,Motivation Monday! #lyme #motivation #motivationmonday #lymedisease #support #chronicillness #spoonie #choniclyme #chroniclymedisease #health #invisibleillness pic.twitter.com/MChllFML1D,2018-01-15 16:30:30+00:00,
292,Tito11molina,Give this blog a read and donate so that @lexikammer can continue her fight against #ChronicLymeDisease #LymeSucks @AvrilLavigne https:// twitter.com/lexikammer/sta tus/952382433558659072 …,2018-01-14 03:40:03+00:00,
293,CassidyMaree30,A little update on my crazy #LymeLyfe https:// thelymediary.wordpress.com/2018/01/12/fro zen/ … #ChronicLymeDisease #ConversionDisorder,2018-01-12 16:35:04+00:00,
294,LymeTalkNow,Lyme disease brings years of struggle for Holstein woman http://www. lymenow.com/lyme-disease-b rings-years-struggle-holstein-woman/ … #lyme #lymedisease #chroniclyme #chroniclymedisease #chronicillness #livingwithlyme #lyme fighter #lymewarrior #lymies #spoonie,2018-01-12 16:25:10+00:00,
295,DailyLyme,"@TIMESUPNOW What a wonderful, collaborative idea & charity. Everyone deserves equality in the workplace. #LymeCommunity , maybe #TimesUpNow for the individuals/companies who have been discriminating & marginalizing us? Share & Retweet to spread awareness! #ChronicLymeDisease",2018-01-08 01:00:23+00:00,
296,ChristieMLeto,"I’m so grateful for all of you, as someone w #ChronicLymeDisease & 4 other #TickBorneDiseases I know #GLA is working tirelessly to help us make #2018 the year all #Lymies find the answers we so desperately need",2018-01-01 22:08:35+00:00,
